key	text	tooltip
#Loc;1;text/db/__Message_Event_Strings_DeI.loc		
message_event_strings_title_custom_event_100rom_Barbarian	Polybian Military Reforms	true
message_event_strings_title_custom_event_100rom_Eastern	Polybian Military Reforms	true
message_event_strings_title_custom_event_100rom_Hellenistic	Polybian Military Reforms	true
message_event_strings_title_custom_event_100rom_Roman	Polybian Military Reforms	true
message_event_strings_title_custom_event_101rom_Barbarian	Marian Military Reforms	true
message_event_strings_title_custom_event_101rom_Eastern	Marian Military Reforms	true
message_event_strings_title_custom_event_101rom_Hellenistic	Marian Military Reforms	true
message_event_strings_title_custom_event_101rom_Roman	Marian Military Reforms	true
message_event_strings_title_custom_event_102rom_Barbarian	Imperial Military Reforms	true
message_event_strings_title_custom_event_102rom_Eastern	Imperial Military Reforms	true
message_event_strings_title_custom_event_102rom_Hellenistic	Imperial Military Reforms	true
message_event_strings_title_custom_event_102rom_Roman	Imperial Military Reforms	true
message_event_strings_title_custom_event_110rom_Barbarian	Thureophoroi/Cleomenes Military Reforms	true
message_event_strings_title_custom_event_110rom_Eastern	Thureophoroi/Cleomenes Military Reforms	true
message_event_strings_title_custom_event_110rom_Hellenistic	Thureophoroi/Cleomenes Military Reforms	true
message_event_strings_title_custom_event_110rom_Roman	Thureophoroi/Cleomenes Military Reforms	true
message_event_strings_title_custom_event_111rom_Barbarian	Thorakitai/Nabis Military Reforms	true
message_event_strings_title_custom_event_111rom_Eastern	Thorakitai/Nabis Military Reforms	true
message_event_strings_title_custom_event_111rom_Hellenistic	Thorakitai/Nabis Military Reforms	true
message_event_strings_title_custom_event_111rom_Roman	Thorakitai/Nabis Military Reforms	true
message_event_strings_title_custom_event_120rom_Barbarian	Kbedim Military Reforms	true
message_event_strings_title_custom_event_120rom_Eastern	Kbedim Military Reforms	true
message_event_strings_title_custom_event_120rom_Hellenistic	Kbedim Military Reforms	true
message_event_strings_title_custom_event_120rom_Roman	Kbedim Military Reforms	true
message_event_strings_title_custom_event_130rom_Barbarian	Neitos Military Reforms	true
message_event_strings_title_custom_event_130rom_Eastern	Neitos Military Reforms	true
message_event_strings_title_custom_event_130rom_Hellenistic	Neitos Military Reforms	true
message_event_strings_title_custom_event_130rom_Roman	Neitos Military Reforms	true
message_event_strings_title_custom_event_140rom_Barbarian	Neitos Military Reforms	true
message_event_strings_title_custom_event_140rom_Eastern	Neitos Military Reforms	true
message_event_strings_title_custom_event_140rom_Hellenistic	Neitos Military Reforms	true
message_event_strings_title_custom_event_140rom_Roman	Neitos Military Reforms	true
message_event_strings_title_custom_event_150rom_Barbarian	Loricati Military Reforms	true
message_event_strings_title_custom_event_150rom_Hellenistic	Loricati Military Reforms	true
message_event_strings_title_custom_event_150rom_Roman	Loricati Military Reforms	true
message_event_strings_title_custom_event_160rom_Barbarian	Birth of the Parthian Kingdom	true
message_event_strings_title_custom_event_160rom_Eastern	Birth of the Parthian Kingdom	true
message_event_strings_title_custom_event_160rom_Hellenistic	Birth of the Parthian Kingdom	true
message_event_strings_title_custom_event_160rom_Roman	Birth of the Parthian Kingdom	true
message_event_strings_title_custom_event_170rom_Barbarian	Indo-Saka Military Reforms	true
message_event_strings_title_custom_event_170rom_Eastern	Indo-Saka Military Reforms	true
message_event_strings_title_custom_event_170rom_Hellenistic	Indo-Saka Military Reforms	true
message_event_strings_title_custom_event_170rom_Roman	Indo-Saka Military Reforms	true
message_event_strings_title_custom_event_171rom_Barbarian	Indo-Saka Reforms	true
message_event_strings_title_custom_event_171rom_Eastern	Indo-Saka Reforms	true
message_event_strings_title_custom_event_171rom_Hellenistic	Indo-Saka Reforms	true
message_event_strings_title_custom_event_171rom_Roman	Indo-Saka Reforms	true
message_event_strings_title_custom_event_172rom_Barbarian	Scythian Migration	true
message_event_strings_title_custom_event_172rom_Eastern	Scythian Migration	true
message_event_strings_title_custom_event_172rom_Hellenistic	Scythian Migration	true
message_event_strings_title_custom_event_172rom_Roman	Scythian Migration	true
message_event_strings_title_custom_event_173rom_Barbarian	Roman Army in Sicily	true
message_event_strings_title_custom_event_173rom_Eastern	Roman Army in Sicily	true
message_event_strings_title_custom_event_173rom_Hellenistic	Roman Army in Sicily	true
message_event_strings_title_custom_event_173rom_Roman	Roman Army in Sicily	true
message_event_strings_title_custom_event_174rom_Barbarian	Sicily in turmoil	true
message_event_strings_title_custom_event_174rom_Eastern	Sicily in turmoil	true
message_event_strings_title_custom_event_174rom_Hellenistic	Sicily in turmoil	true
message_event_strings_title_custom_event_174rom_Roman	Sicily in turmoil	true
message_event_strings_title_custom_event_175rom_Barbarian	Carthage lost Lilybaion	true
message_event_strings_title_custom_event_175rom_Eastern	Carthage lost Lilybaion	true
message_event_strings_title_custom_event_175rom_Hellenistic	Carthage lost Lilybaion	true
message_event_strings_title_custom_event_175rom_Roman	Carthage lost Lilybaion	true
message_event_strings_title_custom_event_176rom_Barbarian	Tensions in Sicily	true
message_event_strings_title_custom_event_176rom_Barbarian	Tensions in Sicily	true
message_event_strings_title_custom_event_176rom_Eastern	Tensions in Sicily	true
message_event_strings_title_custom_event_176rom_Hellenistic	Tensions in Sicily	true
message_event_strings_title_custom_event_176rom_Roman	Tensions in Sicily	true
message_event_strings_title_custom_event_177rom_Barbarian	Italy in turmoil	true
message_event_strings_title_custom_event_177rom_Eastern	Italy in turmoil	true
message_event_strings_title_custom_event_177rom_Eastern	Italy in turmoil	true
message_event_strings_title_custom_event_177rom_Hellenistic	Italy in turmoil	true
message_event_strings_title_custom_event_177rom_Roman	Italy in turmoil	true
message_event_strings_title_custom_event_178rom_Barbarian	Italy in turmoil	true
message_event_strings_title_custom_event_178rom_Eastern	Italy in turmoil	true
message_event_strings_title_custom_event_178rom_Hellenistic	Italy in turmoil	true
message_event_strings_title_custom_event_178rom_Roman	Italy in turmoil	true
message_event_strings_title_custom_event_179rom_Barbarian	Punic Wars	true
message_event_strings_title_custom_event_179rom_Eastern	Punic Wars	true
message_event_strings_title_custom_event_179rom_Hellenistic	Punic Wars	true
message_event_strings_title_custom_event_179rom_Roman	Punic Wars	true
message_event_strings_title_custom_event_180rom_Barbarian	Low Regional Supplies	true
message_event_strings_title_custom_event_180rom_Eastern	Low Regional Supplies	true
message_event_strings_title_custom_event_180rom_Hellenistic	Low Regional Supplies	true
message_event_strings_title_custom_event_180rom_Roman	Low Regional Supplies	true
message_event_strings_title_custom_event_181rom_Barbarian	Running Low on Supplies	true
message_event_strings_title_custom_event_181rom_Eastern	Running Low on Supplies	true
message_event_strings_title_custom_event_181rom_Hellenistic	Running Low on Supplies	true
message_event_strings_title_custom_event_181rom_Roman	Running Low on Supplies	true
message_event_strings_title_custom_event_182rom_Barbarian	Supply System	true
message_event_strings_title_custom_event_182rom_Eastern	Supply System	true
message_event_strings_title_custom_event_182rom_Hellenistic	Supply System	true
message_event_strings_title_custom_event_182rom_Roman	Supply System	true
message_event_strings_title_custom_event_183rom_Barbarian	Alpine Passes Blocked by Snow	true
message_event_strings_title_custom_event_183rom_Eastern	Alpine Passes Blocked by Snow	true
message_event_strings_title_custom_event_183rom_Hellenistic	Alpine Passes Blocked by Snow	true
message_event_strings_title_custom_event_183rom_Roman	Alpine Passes Blocked by Snow	true
message_event_strings_title_custom_event_184rom_Barbarian	Desert Routes Blocked During Summer	true
message_event_strings_title_custom_event_184rom_Eastern	Desert Routes Blocked During Summer	true
message_event_strings_title_custom_event_184rom_Hellenistic	Desert Routes Blocked During Summer	true
message_event_strings_title_custom_event_184rom_Roman	Desert Routes Blocked During Summer	true
message_event_strings_title_custom_event_190om_Roman	Scytho-Sarmatian Reforms	true
message_event_strings_title_custom_event_190rom_Barbarian	Scytho-Sarmatian Reforms	true
message_event_strings_title_custom_event_190rom_Eastern	Scytho-Sarmatian Reforms	true
message_event_strings_title_custom_event_190rom_Hellenistic	Scytho-Sarmatian Reforms	true
message_event_strings_title_custom_event_191rom_Barbarian	Scytho-Sarmatian Reforms	true
message_event_strings_title_custom_event_191rom_Eastern	Scytho-Sarmatian Reforms	true
message_event_strings_title_custom_event_191rom_Hellenistic	Scytho-Sarmatian Reforms	true
message_event_strings_title_custom_event_191rom_Roman	Scytho-Sarmatian Reforms	true
message_event_strings_title_custom_event_192rom_Barbarian	Scytho-Sarmatian Reforms	true
message_event_strings_title_custom_event_192rom_Eastern	Scytho-Sarmatian Reforms	true
message_event_strings_title_custom_event_192rom_Hellenistic	Scytho-Sarmatian Reforms	true
message_event_strings_title_custom_event_192rom_Roman	Scytho-Sarmatian Reforms	true
message_event_strings_title_custom_event_193rom_Barbarian	Supply Situation	true
message_event_strings_title_custom_event_193rom_Eastern	Supply Situation	true
message_event_strings_title_custom_event_193rom_Hellenistic	Supply Situation	true
message_event_strings_title_custom_event_193rom_Roman	Supply Situation	true
message_event_strings_title_custom_event_194rom_Barbarian	Supply Situation	true
message_event_strings_title_custom_event_194rom_Eastern	Supply Situation	true
message_event_strings_title_custom_event_194rom_Hellenistic	Supply Situation	true
message_event_strings_title_custom_event_194rom_Roman	Supply Situation	true
message_event_strings_title_custom_event_195rom_Barbarian	Supply Situation	true
message_event_strings_title_custom_event_195rom_Eastern	Supply Situation	true
message_event_strings_title_custom_event_195rom_Hellenistic	Supply Situation	true
message_event_strings_title_custom_event_195rom_Roman	Supply Situation	true
message_event_strings_title_custom_event_200rom_Barbarian	Roman Polybian Reforms	true
message_event_strings_title_custom_event_200rom_Eastern	Roman Polybian Reforms	true
message_event_strings_title_custom_event_200rom_Hellenistic	Roman Polybian Reforms	true
message_event_strings_title_custom_event_200rom_Roman	Roman Polybian Reforms	true
message_event_strings_title_custom_event_201rom_Barbarian	Roman Marian Reforms	true
message_event_strings_title_custom_event_201rom_Eastern	Roman Marian Reforms	true
message_event_strings_title_custom_event_201rom_Hellenistic	Roman Marian Reforms	true
message_event_strings_title_custom_event_201rom_Roman	Roman Marian Reforms	true
message_event_strings_title_custom_event_202rom_Barbarian	Roman Imperial Reforms	true
message_event_strings_title_custom_event_202rom_Eastern	Roman Imperial Reforms	true
message_event_strings_title_custom_event_202rom_Hellenistic	Roman Imperial Reforms	true
message_event_strings_title_custom_event_202rom_Roman	Roman Imperial Reforms	true
message_event_strings_title_custom_event_210rom_Barbarian	Hellenic Thureophoroi/Cleomenes Reforms	true
message_event_strings_title_custom_event_210rom_Eastern	Hellenic Thureophoroi/Cleomenes Reforms	true
message_event_strings_title_custom_event_210rom_Hellenistic	Hellenic Thureophoroi/Cleomenes Reforms	true
message_event_strings_title_custom_event_210rom_Roman	Hellenic Thureophoroi/Cleomenes Reforms	true
message_event_strings_title_custom_event_211rom_Barbarian	Hellenic Thorakitai/Nabis Reforms	true
message_event_strings_title_custom_event_211rom_Eastern	Hellenic Thorakitai/Nabis Reforms	true
message_event_strings_title_custom_event_211rom_Hellenistic	Hellenic Thorakitai/Nabis Reforms	true
message_event_strings_title_custom_event_211rom_Roman	Hellenic Thorakitai/Nabis Reforms	true
message_event_strings_title_custom_event_220rom_Barbarian	Carthaginian Kbedim Reforms	true
message_event_strings_title_custom_event_220rom_Eastern	Carthaginian Kbedim Reforms	true
message_event_strings_title_custom_event_220rom_Hellenistic	Carthaginian Kbedim Reforms	true
message_event_strings_title_custom_event_220rom_Roman	Carthaginian Kbedim Reforms	true
message_event_strings_title_custom_event_230rom_Barbarian	Celtic Neitos Reforms	true
message_event_strings_title_custom_event_230rom_Eastern	Celtic Neitos Reforms	true
message_event_strings_title_custom_event_230rom_Hellenistic	Celtic Neitos Reforms	true
message_event_strings_title_custom_event_230rom_Roman	Celtic Neitos Reforms	true
message_event_strings_title_custom_event_240rom_Barbarian	Germanic Neitos Reforms	true
message_event_strings_title_custom_event_240rom_Eastern	Germanic Neitos Reforms	true
message_event_strings_title_custom_event_240rom_Hellenistic	Germanic Neitos Reforms	true
message_event_strings_title_custom_event_240rom_Roman	Germanic Neitos Reforms	true
message_event_strings_title_custom_event_250rom_Barbarian	Iberian Loricati Reforms	true
message_event_strings_title_custom_event_250rom_Eastern	Iberian Loricati Reforms	true
message_event_strings_title_custom_event_250rom_Hellenistic	Iberian Loricati Reforms	true
message_event_strings_title_custom_event_250rom_Roman	Iberian Loricati Reforms	true
message_event_strings_title_custom_event_260rom_Barbarian	Birth of the Parthian Kingdom	true
message_event_strings_title_custom_event_260rom_Eastern	Birth of the Parthian Kingdom	true
message_event_strings_title_custom_event_260rom_Hellenistic	Birth of the Parthian Kingdom	true
message_event_strings_title_custom_event_260rom_Roman	Birth of the Parthian Kingdom	true
message_event_strings_title_custom_event_300rom_Barbarian	Rome Polybian Reforms	true
message_event_strings_title_custom_event_300rom_Eastern	Rome Polybian Reforms	true
message_event_strings_title_custom_event_300rom_Hellenistic	Rome Polybian Reforms	true
message_event_strings_title_custom_event_300rom_Roman	Rome Polybian Reforms	true
message_event_strings_title_custom_event_301rom_Barbarian	Rome Marian Reforms	true
message_event_strings_title_custom_event_301rom_Eastern	Rome Marian Reforms	true
message_event_strings_title_custom_event_301rom_Hellenistic	Rome Marian Reforms	true
message_event_strings_title_custom_event_301rom_Roman	Rome Marian Reforms	true
message_event_strings_title_custom_event_302rom_Barbarian	Rome Imperial Reforms	true
message_event_strings_title_custom_event_302rom_Eastern	Rome Imperial Reforms	true
message_event_strings_title_custom_event_302rom_Hellenistic	Rome Imperial Reforms	true
message_event_strings_title_custom_event_302rom_Roman	Rome Imperial Reforms	true
message_event_strings_title_custom_event_310rom_Barbarian	Hellenic Thureophoroi/Cleomenes Reforms	true
message_event_strings_title_custom_event_310rom_Eastern	Hellenic Thureophoroi/Cleomenes Reforms	true
message_event_strings_title_custom_event_310rom_Hellenistic	Hellenic Thureophoroi/Cleomenes Reforms	true
message_event_strings_title_custom_event_310rom_Roman	Hellenic Thureophoroi/Cleomenes Reforms	true
message_event_strings_title_custom_event_311rom_Barbarian	Hellenic Thorakitai/Nabis Reforms	true
message_event_strings_title_custom_event_311rom_Eastern	Hellenic Thorakitai/Nabis Reforms	true
message_event_strings_title_custom_event_311rom_Hellenistic	Hellenic Thorakitai/Nabis Reforms	true
message_event_strings_title_custom_event_311rom_Roman	Hellenic Thorakitai/Nabis Reforms	true
message_event_strings_title_custom_event_320rom_Barbarian	Carthage Kbedim Reforms	true
message_event_strings_title_custom_event_320rom_Eastern	Carthage Kbedim Reforms	true
message_event_strings_title_custom_event_320rom_Hellenistic	Carthage Kbedim Reforms	true
message_event_strings_title_custom_event_320rom_Roman	Carthage Kbedim Reforms	true
message_event_strings_title_custom_event_330rom_Barbarian	Celtic Faction Neitos Reforms	true
message_event_strings_title_custom_event_330rom_Eastern	Celtic Faction Neitos Reforms	true
message_event_strings_title_custom_event_330rom_Hellenistic	Celtic Faction Neitos Reforms	true
message_event_strings_title_custom_event_330rom_Roman	Celtic Faction Neitos Reforms	true
message_event_strings_title_custom_event_340rom_Barbarian	Suebi Neitos Reforms	true
message_event_strings_title_custom_event_340rom_Eastern	Suebi Neitos Reforms	true
message_event_strings_title_custom_event_340rom_Hellenistic	Suebi Neitos Reforms	true
message_event_strings_title_custom_event_340rom_Roman	Suebi Neitos Reforms	true
message_event_strings_title_custom_event_350rom_Barbarian	Iberian Faction Loricati Reforms	true
message_event_strings_title_custom_event_350rom_Eastern	Iberian Faction Loricati Reforms	true
message_event_strings_title_custom_event_350rom_Hellenistic	Iberian Faction Loricati Reforms	true
message_event_strings_title_custom_event_350rom_Roman	Iberian Faction Loricati Reforms	true
message_event_strings_title_custom_event_360rom_Barbarian	Birth of the Parthian Kingdom	true
message_event_strings_title_custom_event_360rom_Eastern	Birth of the Parthian Kingdom	true
message_event_strings_title_custom_event_360rom_Hellenistic	Birth of the Parthian Kingdom	true
message_event_strings_title_custom_event_360rom_Roman	Birth of the Parthian Kingdom	true
message_event_strings_title_custom_event_900rom_Hellenistic	Population System	true
message_event_strings_title_custom_event_900rom_Roman	Population System	true
message_event_strings_title_custom_event_900rom_Barbarian	Population System	true
message_event_strings_title_custom_event_900rom_Eastern	Population System	true
message_event_strings_title_character_trait_gainedrom_Barbarian	Character Personality Report	true
message_event_strings_title_character_trait_gainedrom_Barbariansc_rom_barb_east	Character Personality Report	true
message_event_strings_title_character_trait_gainedrom_Eastern	Character Personality Report	true
message_event_strings_title_character_trait_gainedrom_Hellenistic	Character Personality Report	true
message_event_strings_title_character_trait_gainedrom_Roman	Character Personality Report	true
message_event_strings_title_speciality_wonder_discoveredrom_Barbarian	Newly Captured Regional Bonuses	true
message_event_strings_title_speciality_wonder_discoveredrom_Eastern	Newly Captured Regional Bonuses	true
message_event_strings_title_speciality_wonder_discoveredrom_Hellenistic	Newly Captured Regional Bonuses	true
message_event_strings_title_speciality_wonder_discoveredrom_Roman	Newly Captured Regional Bonuses	true
message_event_strings_title_speciality_wonder_discoveredrom_Barbariansc_rom_barb_east	Newly Captured Regional Bonuses	true
message_event_strings_title_custom_event_9101rom_Roman	New Political Election	true
message_event_strings_title_custom_event_9101rom_Eastern	New Political Appointment	true
message_event_strings_title_custom_event_9101rom_Hellenistic	New Political Appointment	true
message_event_strings_title_custom_event_9101rom_Barbarian	New Political Appointment	true
message_event_strings_title_custom_event_9102rom_Roman	New Political Election	true
message_event_strings_title_custom_event_9102rom_Eastern	New Political Appointment	true
message_event_strings_title_custom_event_9102rom_Hellenistic	New Political Appointment	true
message_event_strings_title_custom_event_9102rom_Barbarian	New Political Appointment	true
message_event_strings_title_custom_event_9103rom_Roman	New Political Election	true
message_event_strings_title_custom_event_9103rom_Eastern	New Political Appointment	true
message_event_strings_title_custom_event_9103rom_Hellenistic	New Political Appointment	true
message_event_strings_title_custom_event_9103rom_Barbarian	New Political Appointment	true
message_event_strings_title_custom_event_9104rom_Roman	New Political Election	true
message_event_strings_title_custom_event_9104rom_Eastern	New Political Appointment	true
message_event_strings_title_custom_event_9104rom_Hellenistic	New Political Appointment	true
message_event_strings_title_custom_event_9104rom_Barbarian	New Political Appointment	true
message_event_strings_title_custom_event_9105rom_Roman	New Political Election	true
message_event_strings_title_custom_event_9105rom_Eastern	New Political Appointment	true
message_event_strings_title_custom_event_9105rom_Hellenistic	New Political Appointment	true
message_event_strings_title_custom_event_9105rom_Barbarian	New Political Appointment	true
message_event_strings_title_custom_event_9106rom_Roman	New Political Election	true
message_event_strings_title_custom_event_9106rom_Eastern	New Political Appointment	true
message_event_strings_title_custom_event_9106rom_Hellenistic	New Political Appointment	true
message_event_strings_title_custom_event_9106rom_Barbarian	New Political Appointment	true
message_event_strings_title_custom_event_9107rom_Roman	New Political Election	true
message_event_strings_title_custom_event_9107rom_Eastern	New Political Appointment	true
message_event_strings_title_custom_event_9107rom_Hellenistic	New Political Appointment	true
message_event_strings_title_custom_event_9107rom_Barbarian	New Political Appointment	true
message_event_strings_title_custom_event_9201rom_Roman	Character Personality Change	true
message_event_strings_title_custom_event_9202rom_Roman	Character Personality Change	true
message_event_strings_title_custom_event_9203rom_Roman	Character Personality Change	true
message_event_strings_title_custom_event_9204rom_Roman	Character Personality Change	true
message_event_strings_title_custom_event_9205rom_Roman	Character Personality Change	true
message_event_strings_title_custom_event_9206rom_Roman	Character Personality Change	true
message_event_strings_title_custom_event_9207rom_Roman	Character Personality Change	true
message_event_strings_title_custom_event_9208rom_Roman	Character Personality Change	true
message_event_strings_title_custom_event_9209rom_Roman	Character Personality Change	true
message_event_strings_title_custom_event_9210rom_Roman	Character Personality Change	true
message_event_strings_title_custom_event_9211rom_Roman	Character Personality Change	true
message_event_strings_title_custom_event_9212rom_Roman	Character Personality Change	true
message_event_strings_title_custom_event_9213rom_Roman	Character Personality Change	true
message_event_strings_title_custom_event_9214rom_Roman	Character Personality Change	true
message_event_strings_title_custom_event_9215rom_Roman	Character Personality Change	true
message_event_strings_title_custom_event_9216rom_Roman	Character Personality Change	true
message_event_strings_title_custom_event_9217rom_Roman	Character Personality Change	true
message_event_strings_title_custom_event_9218rom_Roman	Character Personality Change	true
message_event_strings_title_custom_event_9219rom_Roman	Character Personality Change	true
message_event_strings_title_custom_event_9220rom_Roman	Character Personality Change	true
message_event_strings_title_custom_event_9221rom_Roman	Character Personality Change	true
message_event_strings_title_custom_event_9201rom_Hellenistic	Character Personality Change	true
message_event_strings_title_custom_event_9202rom_Hellenistic	Character Personality Change	true
message_event_strings_title_custom_event_9203rom_Hellenistic	Character Personality Change	true
message_event_strings_title_custom_event_9204rom_Hellenistic	Character Personality Change	true
message_event_strings_title_custom_event_9205rom_Hellenistic	Character Personality Change	true
message_event_strings_title_custom_event_9206rom_Hellenistic	Character Personality Change	true
message_event_strings_title_custom_event_9207rom_Hellenistic	Character Personality Change	true
message_event_strings_title_custom_event_9208rom_Hellenistic	Character Personality Change	true
message_event_strings_title_custom_event_9209rom_Hellenistic	Character Personality Change	true
message_event_strings_title_custom_event_9210rom_Hellenistic	Character Personality Change	true
message_event_strings_title_custom_event_9211rom_Hellenistic	Character Personality Change	true
message_event_strings_title_custom_event_9212rom_Hellenistic	Character Personality Change	true
message_event_strings_title_custom_event_9213rom_Hellenistic	Character Personality Change	true
message_event_strings_title_custom_event_9214rom_Hellenistic	Character Personality Change	true
message_event_strings_title_custom_event_9215rom_Hellenistic	Character Personality Change	true
message_event_strings_title_custom_event_9216rom_Hellenistic	Character Personality Change	true
message_event_strings_title_custom_event_9217rom_Hellenistic	Character Personality Change	true
message_event_strings_title_custom_event_9218rom_Hellenistic	Character Personality Change	true
message_event_strings_title_custom_event_9219rom_Hellenistic	Character Personality Change	true
message_event_strings_title_custom_event_9220rom_Hellenistic	Character Personality Change	true
message_event_strings_title_custom_event_9221rom_Hellenistic	Character Personality Change	true
message_event_strings_title_custom_event_9201rom_Eastern	Character Personality Change	true
message_event_strings_title_custom_event_9202rom_Eastern	Character Personality Change	true
message_event_strings_title_custom_event_9203rom_Eastern	Character Personality Change	true
message_event_strings_title_custom_event_9204rom_Eastern	Character Personality Change	true
message_event_strings_title_custom_event_9205rom_Eastern	Character Personality Change	true
message_event_strings_title_custom_event_9206rom_Eastern	Character Personality Change	true
message_event_strings_title_custom_event_9207rom_Eastern	Character Personality Change	true
message_event_strings_title_custom_event_9208rom_Eastern	Character Personality Change	true
message_event_strings_title_custom_event_9209rom_Eastern	Character Personality Change	true
message_event_strings_title_custom_event_9210rom_Eastern	Character Personality Change	true
message_event_strings_title_custom_event_9211rom_Eastern	Character Personality Change	true
message_event_strings_title_custom_event_9212rom_Eastern	Character Personality Change	true
message_event_strings_title_custom_event_9213rom_Eastern	Character Personality Change	true
message_event_strings_title_custom_event_9214rom_Eastern	Character Personality Change	true
message_event_strings_title_custom_event_9215rom_Eastern	Character Personality Change	true
message_event_strings_title_custom_event_9216rom_Eastern	Character Personality Change	true
message_event_strings_title_custom_event_9217rom_Eastern	Character Personality Change	true
message_event_strings_title_custom_event_9218rom_Eastern	Character Personality Change	true
message_event_strings_title_custom_event_9219rom_Eastern	Character Personality Change	true
message_event_strings_title_custom_event_9220rom_Eastern	Character Personality Change	true
message_event_strings_title_custom_event_9221rom_Eastern	Character Personality Change	true
message_event_strings_title_custom_event_9201rom_Barbarian	Character Personality Change	true
message_event_strings_title_custom_event_9202rom_Barbarian	Character Personality Change	true
message_event_strings_title_custom_event_9203rom_Barbarian	Character Personality Change	true
message_event_strings_title_custom_event_9204rom_Barbarian	Character Personality Change	true
message_event_strings_title_custom_event_9205rom_Barbarian	Character Personality Change	true
message_event_strings_title_custom_event_9206rom_Barbarian	Character Personality Change	true
message_event_strings_title_custom_event_9207rom_Barbarian	Character Personality Change	true
message_event_strings_title_custom_event_9208rom_Barbarian	Character Personality Change	true
message_event_strings_title_custom_event_9209rom_Barbarian	Character Personality Change	true
message_event_strings_title_custom_event_9210rom_Barbarian	Character Personality Change	true
message_event_strings_title_custom_event_9211rom_Barbarian	Character Personality Change	true
message_event_strings_title_custom_event_9212rom_Barbarian	Character Personality Change	true
message_event_strings_title_custom_event_9213rom_Barbarian	Character Personality Change	true
message_event_strings_title_custom_event_9214rom_Barbarian	Character Personality Change	true
message_event_strings_title_custom_event_9215rom_Barbarian	Character Personality Change	true
message_event_strings_title_custom_event_9216rom_Barbarian	Character Personality Change	true
message_event_strings_title_custom_event_9217rom_Barbarian	Character Personality Change	true
message_event_strings_title_custom_event_9218rom_Barbarian	Character Personality Change	true
message_event_strings_title_custom_event_9219rom_Barbarian	Character Personality Change	true
message_event_strings_title_custom_event_9220rom_Barbarian	Character Personality Change	true
message_event_strings_title_custom_event_9221rom_Barbarian	Character Personality Change	true
message_event_strings_title_custom_event_9301rom_Barbarian	Triumph Candidate!	true
message_event_strings_title_custom_event_9302rom_Barbarian	Triumphator	true
message_event_strings_title_custom_event_9301rom_Eastern	Triumph Candidate!	true
message_event_strings_title_custom_event_9302rom_Eastern	Triumphator	true
message_event_strings_title_custom_event_9301rom_Roman	Triumph Candidate!	true
message_event_strings_title_custom_event_9302rom_Roman	Triumphator	true
message_event_strings_title_custom_event_9301rom_Hellenistic	Triumph Candidate!	true
message_event_strings_title_custom_event_9302rom_Hellenistic	Triumphator	true
message_event_strings_title_custom_event_500rom_Barbarian	Magna Graecia Secured	true
message_event_strings_title_custom_event_500rom_Eastern	Magna Graecia Secured	true
message_event_strings_title_custom_event_500rom_Hellenistic	Magna Graecia Secured	true
message_event_strings_title_custom_event_500rom_Roman	Magna Graecia Secured	true
message_event_strings_title_custom_event_502rom_Barbarian	Dacian Military Reforms	true
message_event_strings_title_custom_event_502rom_Eastern	Dacian Military Reforms	true
message_event_strings_title_custom_event_502rom_Hellenistic	Dacian Military Reforms	true
message_event_strings_title_custom_event_502rom_Roman	Dacian Military Reforms	true
message_event_strings_title_custom_event_501rom_Barbarian	Dacian Military Reform System	true
message_event_strings_title_custom_event_501rom_Eastern	Dacian Military Reform System	true
message_event_strings_title_custom_event_501rom_Hellenistic	Dacian Military Reform System	true
message_event_strings_title_custom_event_501rom_Roman	Dacian Military Reform System	true
message_event_strings_title_custom_event_503rom_Barbarian	Dacian Military Reforms	true
message_event_strings_title_custom_event_503rom_Eastern	Dacian Military Reforms	true
message_event_strings_title_custom_event_503rom_Hellenistic	Dacian Military Reforms	true
message_event_strings_title_custom_event_503rom_Roman	Dacian Military Reforms	true
message_event_strings_title_custom_event_510rom_Barbarian	Seleukid Vassals Rebel!	true
message_event_strings_title_custom_event_510rom_Eastern	Seleukid Vassals Rebel!	true
message_event_strings_title_custom_event_510rom_Hellenistic	Seleukid Vassals Rebel!	true
message_event_strings_title_custom_event_510rom_Roman	Seleukid Vassals Rebel!	true
message_event_strings_title_custom_event_520rom_Barbarian	Precarious Seleukid Vassals	true
message_event_strings_title_custom_event_520rom_Eastern	Precarious Seleukid Vassals	true
message_event_strings_title_custom_event_520rom_Hellenistic	Precarious Seleukid Vassals	true
message_event_strings_title_custom_event_520rom_Roman	Precarious Seleukid Vassals	true
message_event_strings_title_custom_event_504rom_Barbarian	Roman Influence Rises in Sicily	true
message_event_strings_title_custom_event_504rom_Eastern	Roman Influence Rises in Sicily	true
message_event_strings_title_custom_event_504rom_Hellenistic	Roman Influence Rises in Sicily	true
message_event_strings_title_custom_event_504rom_Roman	Roman Influence Rises in Sicily	true
message_event_strings_title_custom_event_530rom_Barbarian	Mauryan Reform System	true
message_event_strings_title_custom_event_530rom_Eastern	Mauryan Reform System	true
message_event_strings_title_custom_event_530rom_Hellenistic	Mauryan Reform System	true
message_event_strings_title_custom_event_530rom_Roman	Mauryan Reform System	true
message_event_strings_title_custom_event_531rom_Barbarian	Mauryan Military Reforms	true
message_event_strings_title_custom_event_531rom_Eastern	Mauryan Military Reforms	true
message_event_strings_title_custom_event_531rom_Hellenistic	Mauryan Military Reforms	true
message_event_strings_title_custom_event_531rom_Roman	Mauryan Military Reforms	true
message_event_strings_title_custom_event_532rom_Barbarian	Mauryan Military Reforms	true
message_event_strings_title_custom_event_532rom_Eastern	Mauryan Military Reforms	true
message_event_strings_title_custom_event_532rom_Hellenistic	Mauryan Military Reforms	true
message_event_strings_title_custom_event_532rom_Roman	Mauryan Military Reforms	true
message_event_strings_title_custom_event_600rom_Barbarian	Character Changing Trait Loss	true
message_event_strings_title_custom_event_600rom_Hellenistic	Character Changing Trait Loss	true
message_event_strings_title_custom_event_600rom_Roman	Character Changing Trait Loss	true
message_event_strings_title_custom_event_600rom_Eastern	Character Changing Trait Loss	true
message_event_strings_title_custom_event_601rom_Barbarian	Character Changing Trait Loss	true
message_event_strings_title_custom_event_601rom_Hellenistic	Character Changing Trait Loss	true
message_event_strings_title_custom_event_601rom_Roman	Character Changing Trait Loss	true
message_event_strings_title_custom_event_601rom_Eastern	Character Changing Trait Loss	true
message_event_strings_title_custom_event_602rom_Eastern	Character Changing Trait Loss	true
message_event_strings_title_custom_event_602rom_Hellenistic	Character Changing Trait Loss	true
message_event_strings_title_custom_event_602rom_Roman	Character Changing Trait Loss	true
message_event_strings_title_custom_event_602rom_Barbarian	Character Changing Trait Loss	true
message_event_strings_title_custom_event_8001rom_Barbarian	Median Reform System	true
message_event_strings_title_custom_event_8001rom_Eastern	Median Reform System	true
message_event_strings_title_custom_event_8001rom_Hellenistic	Median Reform System	true
message_event_strings_title_custom_event_8001rom_Roman	Median Reform System	true
message_event_strings_title_custom_event_8002rom_Barbarian	Median Imperial Reforms	true
message_event_strings_title_custom_event_8002rom_Eastern	Median Imperial Reforms	true
message_event_strings_title_custom_event_8002rom_Hellenistic	Median Imperial Reforms	true
message_event_strings_title_custom_event_8002rom_Roman	Median Imperial Reforms	true
message_event_strings_title_custom_event_8003rom_Barbarian	Median Imperial Reforms	true
message_event_strings_title_custom_event_8003rom_Eastern	Median Imperial Reforms	true
message_event_strings_title_custom_event_8003rom_Hellenistic	Median Imperial Reforms	true
message_event_strings_title_custom_event_8003rom_Roman	Median Imperial Reforms	true
message_event_strings_title_custom_event_80021rom_Barbarian	Median Iranian Reforms	true
message_event_strings_title_custom_event_80021rom_Eastern	Median Iranian Reforms	true
message_event_strings_title_custom_event_80021rom_Hellenistic	Median Iranian Reforms	true
message_event_strings_title_custom_event_80021rom_Roman	Median Iranian Reforms	true
message_event_strings_title_custom_event_80032rom_Barbarian	Median Iranian Reforms	true
message_event_strings_title_custom_event_80032rom_Eastern	Median Iranian Reforms	true
message_event_strings_title_custom_event_80032rom_Hellenistic	Median Iranian Reforms	true
message_event_strings_title_custom_event_80032rom_Roman	Median Iranian Reforms	true
message_event_strings_title_custom_event_451rom_Barbarian	Dream of the United Isles	true
message_event_strings_title_custom_event_451rom_Eastern	Dream of the United Isles	true
message_event_strings_title_custom_event_451rom_Hellenistic	Dream of the United Isles	true
message_event_strings_title_custom_event_451rom_Roman	Dream of the United Isles	true
message_event_strings_title_custom_event_452rom_Barbarian	United British Isles!	true
message_event_strings_title_custom_event_452rom_Eastern	United British Isles!	true
message_event_strings_title_custom_event_452rom_Hellenistic	United British Isles!	true
message_event_strings_title_custom_event_452rom_Roman	United British Isles!	true
message_event_strings_title_custom_event_453rom_Barbarian	Thureos Innovations Spread	true
message_event_strings_title_custom_event_453rom_Eastern	Thureos Innovations Spread	true
message_event_strings_title_custom_event_453rom_Hellenistic	Thureos Innovations Spread	true
message_event_strings_title_custom_event_453rom_Roman	Thureos Innovations Spread	true
message_event_strings_title_custom_event_454rom_Barbarian	Thorax Innovations Spread	true
message_event_strings_title_custom_event_454rom_Eastern	Thorax Innovations Spread	true
message_event_strings_title_custom_event_454rom_Hellenistic	Thorax Innovations Spread	true
message_event_strings_title_custom_event_454rom_Roman	Thorax Innovations Spread	true
message_event_strings_title_custom_event_361rom_Barbarian	Foundation of the Parthian Empire	true
message_event_strings_title_custom_event_361rom_Eastern	Foundation of the Parthian Empire	true
message_event_strings_title_custom_event_361rom_Hellenistic	Foundation of the Parthian Empire	true
message_event_strings_title_custom_event_361rom_Roman	Foundation of the Parthian Empire	true
message_event_strings_title_custom_event_261rom_Barbarian	Foundation of the Parthian Empire	true
message_event_strings_title_custom_event_261rom_Eastern	Foundation of the Parthian Empire	true
message_event_strings_title_custom_event_261rom_Hellenistic	Foundation of the Parthian Empire	true
message_event_strings_title_custom_event_261rom_Roman	Foundation of the Parthian Empire	true
message_event_strings_title_custom_event_161rom_Barbarian	Foundation of the Parthian Empire	true
message_event_strings_title_custom_event_161rom_Eastern	Foundation of the Parthian Empire	true
message_event_strings_title_custom_event_161rom_Hellenistic	Foundation of the Parthian Empire	true
message_event_strings_title_custom_event_161rom_Roman	Foundation of the Parthian Empire	true
message_event_strings_title_custom_event_950rom_Roman	COALITION FORMED AGAINST YOU	true
message_event_strings_title_custom_event_950rom_Hellenistic	COALITION FORMED AGAINST YOU	true
message_event_strings_title_custom_event_950rom_Eastern	COALITION FORMED AGAINST YOU	true
message_event_strings_title_custom_event_950rom_Barbarian	COALITION FORMED AGAISNT YOU	true
message_event_strings_title_custom_event_951rom_Roman	AI COALITION FORMED	true
message_event_strings_title_custom_event_951rom_Hellenistic	AI COALITION FORMED	true
message_event_strings_title_custom_event_951rom_Eastern	AI COALITION FORMED	true
message_event_strings_title_custom_event_951rom_Barbarian	AI COALITION FORMED	true
message_event_strings_title_custom_event_952rom_Barbarian	COALITION DISSOLVED	true
message_event_strings_title_custom_event_952rom_Roman	COALITION DISSOLVED	true
message_event_strings_title_custom_event_952rom_Hellenistic	COALITION DISSOLVED	true
message_event_strings_title_custom_event_952rom_Eastern	COALITION DISSOLVED	true
message_event_strings_title_custom_event_953rom_Eastern	COALITION JOINED	true
message_event_strings_title_custom_event_953rom_Roman	COALITION JOINED	true
message_event_strings_title_custom_event_953rom_Barbarian	COALITION JOINED	true
message_event_strings_title_custom_event_9533rom_Hellenistic	COALITION JOINED	true
